INSERT INTO identities (id, traits_schema_id, traits, created_at, updated_at) VALUES ('a251ebc2-880c-4f76-a8f3-38e6940eab0e', 'default', '{"email":"foobar@ory.sh"}', '2013-10-07 08:23:19', '2013-10-07 08:23:19');
INSERT INTO identities (id, traits_schema_id, traits, created_at, updated_at) VALUES ('5ff66179-c240-4703-b0d8-494592cefff5', 'default', '{"email":"bazbar@ory.sh"}', '2013-10-07 08:23:19', '2013-10-07 08:23:19');

INSERT INTO continuity_containers (id, identity_id, name, payload, expires_at, created_at, updated_at) VALUES ('50ba09d3-481b-4060-844a-9541a9cec39c', '5ff66179-c240-4703-b0d8-494592cefff5', 'ory_kratos_settings_profile', '{"traits":{"email":"baz@ory.sh"},"request_id":""}', '2013-10-07 08:23:19', '2013-10-07 08:23:19', '2013-10-07 08:23:19');

INSERT INTO courier_messages (id, type, status, body, subject, recipient, created_at, updated_at) VALUES ('98f45a85-0782-49f1-a7b5-8f83d160b4a5', 1, 2, 'Hi, please verify your account by clicking the following link:

<a href="http://127.0.0.1:4455/.ory/kratos/public/self-service/browser/flows/verification/email/confirm/swmcFweNFSfvTSTKecmZjO6I8x0hxzZS">http://127.0.0.1:4455/.ory/kratos/public/self-service/browser/flows/verification/email/confirm/swmcFweNFSfvTSTKecmZjO6I8x0hxzZS</a>', 'Please verify your email address', 'foo@ory.sh', '2013-10-07 08:23:19', '2013-10-07 08:23:19');

INSERT INTO courier_messages (id, type, status, body, subject, recipient, created_at, updated_at) VALUES ('7a9d6df4-3b60-4cae-996e-d15d78b0fc36', 1, 2, 'Hi, please verify your account by clicking the following link: <a href="http://127.0.0.1:4455/.ory/kratos/public/self-service/browser/flows/verification/email/confirm/u9ZcBr5HbRTR8f53Qj2Ng3KR8Mv1Zjdb">http://127.0.0.1:4455/.ory/kratos/public/self-service/browser/flows/verification/email/confirm/u9ZcBr5HbRTR8f53Qj2Ng3KR8Mv1Zjdb</a>', 'Please verify your email address', 'foobar@ory.sh', '2013-10-07 08:23:19', '2013-10-07 08:23:19');
INSERT INTO courier_messages (id, type, status, body, subject, recipient, created_at, updated_at) VALUES ('77fdc5e0-2260-49da-8aae-c36ba255d05b', 1, 2, 'Hi, please verify your account by clicking the following link: <a href="http://127.0.0.1:4455/.ory/kratos/public/self-service/browser/flows/verification/email/confirm/SQcSX0Jx6IVEDKqAuaLZLNEw00J4vlig">http://127.0.0.1:4455/.ory/kratos/public/self-service/browser/flows/verification/email/confirm/SQcSX0Jx6IVEDKqAuaLZLNEw00J4vlig</a>', 'Please verify your email address', 'foobar@ory.sh', '2013-10-07 08:23:19', '2013-10-07 08:23:19');
INSERT INTO courier_messages (id, type, status, body, subject, recipient, created_at, updated_at) VALUES ('a3ea4c30-0c6e-47b1-99ba-8fa69282e166', 1, 2, 'Hi, please verify your account by clicking the following link: <a href="http://127.0.0.1:4455/.ory/kratos/public/self-service/browser/flows/verification/email/confirm/AtsREGbtXu0RlIcwv3RPpxHEZNEcq3R9">http://127.0.0.1:4455/.ory/kratos/public/self-service/browser/flows/verification/email/confirm/AtsREGbtXu0RlIcwv3RPpxHEZNEcq3R9</a>', 'Please verify your email address', 'foo@ory.sh', '2013-10-07 08:23:19', '2013-10-07 08:23:19');

INSERT INTO identity_credential_types (id, name) VALUES ('22bff9ae-f5aa-45d7-803b-97ec0b4e7b32', 'password');

INSERT INTO identity_credentials (id, config, identity_credential_type_id, identity_id, created_at, updated_at) VALUES ('35b60ecf-30f9-42d6-bf5d-47ad41148691', '{"hashed_password":"$argon2id$v=19$m=131072,t=2,p=1$lQFPaKxXqPL56/mU7vRi4w$6aldHyBnURt8sP8+xu41Ng"}', '22bff9ae-f5aa-45d7-803b-97ec0b4e7b32', 'a251ebc2-880c-4f76-a8f3-38e6940eab0e', '2013-10-07 08:23:19', '2013-10-07 08:23:19');
INSERT INTO identity_credentials (id, config, identity_credential_type_id, identity_id, created_at, updated_at) VALUES ('74ac2d31-bccb-442f-a792-7b8bb14817f8', '{"hashed_password":"$argon2id$v=19$m=131072,t=2,p=1$lQFPaKxXqPL56/mU7vRi4w$6aldHyBnURt8sP8+xu41Ng"}', '22bff9ae-f5aa-45d7-803b-97ec0b4e7b32', '5ff66179-c240-4703-b0d8-494592cefff5', '2013-10-07 08:23:19', '2013-10-07 08:23:19');

INSERT INTO identity_credential_identifiers (id, identifier, identity_credential_id, created_at, updated_at) VALUES ('f63a74f9-12da-439d-a8ce-b0157cd163b1', 'foobar@ory.sh', '35b60ecf-30f9-42d6-bf5d-47ad41148691', '2013-10-07 08:23:19', '2013-10-07 08:23:19');
INSERT INTO identity_credential_identifiers (id, identifier, identity_credential_id, created_at, updated_at) VALUES ('1f51d652-8504-4d26-8615-989fd76b7ebf', 'foo@ory.sh', '74ac2d31-bccb-442f-a792-7b8bb14817f8', '2013-10-07 08:23:19', '2013-10-07 08:23:19');

INSERT INTO identity_verifiable_addresses (id, code, status, via, verified, value, verified_at, expires_at, identity_id, created_at, updated_at) VALUES ('c2427b6d-312b-46d9-9285-536db7ae11fd', 'SQcSX0Jx6IVEDKqAuaLZLNEw00J4vlig', 'pending', 'email', false, 'foobar@ory.sh', null, '2013-10-07 08:23:19', 'a251ebc2-880c-4f76-a8f3-38e6940eab0e', '2013-10-07 08:23:19', '2013-10-07 08:23:19');
INSERT INTO identity_verifiable_addresses (id, code, status, via, verified, value, verified_at, expires_at, identity_id, created_at, updated_at) VALUES ('45e867e9-2745-4f16-8dd4-84334a252b61', 'AtsREGbtXu0RlIcwv3RPpxHEZNEcq3R9', 'pending', 'email', false, 'foo@ory.sh', null, '2013-10-07 08:23:19', '5ff66179-c240-4703-b0d8-494592cefff5', '2013-10-07 08:23:19', '2013-10-07 08:23:19');

INSERT INTO selfservice_login_requests (id, request_url, issued_at, expires_at, active_method, csrf_token, created_at, updated_at, forced) VALUES ('3a9ea34f-0f12-469b-9417-3ae5795a7baa', 'http://kratos:4433/self-service/browser/flows/login', '2013-10-07 08:23:19', '2013-10-07 08:23:19', '', 'fpeVSZ9ZH7YvUkhXsOVEIssxbfauh5lcoQSYxTcN0XkMneg1L42h+HtvisjlNjBF4ElcD2jApCHoJYq2u9sVWg==', '2013-10-07 08:23:19', '2013-10-07 08:23:19', false);
INSERT INTO selfservice_login_requests (id, request_url, issued_at, expires_at, active_method, csrf_token, created_at, updated_at, forced) VALUES ('916ded11-aa64-4a27-b06e-96e221a509d7', 'http://kratos:4433/self-service/browser/flows/login', '2013-10-07 08:23:19', '2013-10-07 08:23:19', '', 'JdXCIeZGYglwUTjEC5PpKO5LFDEbeVOketqK5hdfZgFX379dVpLcRyRs+lteQJ1PxTMlyN0+btkz+5iVm4miIg==', '2013-10-07 08:23:19', '2013-10-07 08:23:19', false);
INSERT INTO selfservice_login_requests (id, request_url, issued_at, expires_at, active_method, csrf_token, created_at, updated_at, forced) VALUES ('99974ce6-388c-4669-a95a-7757ee724020', 'http://kratos:4433/self-service/browser/flows/login', '2013-10-07 08:23:19', '2013-10-07 08:23:19', '', 'OXDnJU8yP+iXXsf2TduzRYrDLfksjC0vRdU+nN5bdo+YeQt5xGWKbqEX/gggqE1ntM7qavC/qqzaR2B1Pk88Ew==', '2013-10-07 08:23:19', '2013-10-07 08:23:19', false);
INSERT INTO selfservice_login_requests (id, request_url, issued_at, expires_at, active_method, csrf_token, created_at, updated_at, forced) VALUES ('6d387820-f2f4-4f9f-9980-a90d89e7811f', 'http://kratos:4433/self-service/browser/flows/login', '2013-10-07 08:23:19', '2013-10-07 08:23:19', '', 'Nrq+T0uNsSL8ztjmnbIB2V6NodqifoG+HZ4q6NSAnnWXs1ITwNoEpMqH4Rjwwf/7YIBmSX5NBj2CDHQBNJTU6Q==', '2013-10-07 08:23:19', '2013-10-07 08:23:19', false);
INSERT INTO selfservice_login_requests (id, request_url, issued_at, expires_at, active_method, csrf_token, created_at, updated_at, forced) VALUES ('202c1981-1e25-47f0-8764-75ad506c2bec', 'http://kratos:4433/self-service/browser/flows/login', '2013-10-07 08:23:19', '2013-10-07 08:23:19', '', '7esV9o+i9BJCvpBz3HXWxBPI2802lrGtt3+dBIwBZ/1M4vmqBPVBlHT3qY2xBijmLcUcXuqlNi4o7cPtbBUtYQ==', '2013-10-07 08:23:19', '2013-10-07 08:23:19', false);
INSERT INTO selfservice_login_requests (id, request_url, issued_at, expires_at, active_method, csrf_token, created_at, updated_at, forced) VALUES ('43c99182-bb67-47e1-b564-bb23bd8d4393', 'http://kratos:4433/self-service/browser/flows/login?prompt=login&return_to=http%3A%2F%2F127.0.0.1%3A4455%2F.ory%2Fkratos%2Fpublic%2Fself-service%2Fbrowser%2Fflows%2Fsettings%2Fstrategies%2Fprofile%3Frequest%3D74fd6c53-7651-453e-90b8-2c5adbf911bb', '2013-10-07 08:23:19', '2013-10-07 08:23:19', '', 'dUD3MWqAmTdyoz2xwC9g5Dpv0g1aGUqAHOOsjy+IOh0vfPDqpKSudgZNSq9dqdxft4M0DN411z+5qSCMre5lmg==', '2013-10-07 08:23:19', '2013-10-07 08:23:19', true);

INSERT INTO selfservice_login_request_methods (id, method, selfservice_login_request_id, config, created_at, updated_at) VALUES ('9944614a-8f43-421d-aa7d-f051391e463f', 'password', '3a9ea34f-0f12-469b-9417-3ae5795a7baa', '{"action":"http://127.0.0.1:4455/.ory/kratos/public/self-service/browser/flows/login/strategies/password?request=3a9ea34f-0f12-469b-9417-3ae5795a7baa","method":"POST","fields":[{"name":"identifier","type":"text","required":true,"value":""},{"name":"password","type":"password","required":true},{"name":"csrf_token","type":"hidden","required":true,"value":"fpeVSZ9ZH7YvUkhXsOVEIssxbfauh5lcoQSYxTcN0XkMneg1L42h+HtvisjlNjBF4ElcD2jApCHoJYq2u9sVWg=="}]}', '2013-10-07 08:23:19', '2013-10-07 08:23:19');
INSERT INTO selfservice_login_request_methods (id, method, selfservice_login_request_id, config, created_at, updated_at) VALUES ('a2c9f597-6eb2-4ea5-972b-4f4ffa828a6c', 'oidc', '3a9ea34f-0f12-469b-9417-3ae5795a7baa', '{"action":"http://127.0.0.1:4455/.ory/kratos/public/self-service/browser/flows/strategies/oidc/auth/3a9ea34f-0f12-469b-9417-3ae5795a7baa","method":"POST","fields":[{"name":"csrf_token","type":"hidden","required":true,"value":"fpeVSZ9ZH7YvUkhXsOVEIssxbfauh5lcoQSYxTcN0XkMneg1L42h+HtvisjlNjBF4ElcD2jApCHoJYq2u9sVWg=="}]}', '2013-10-07 08:23:19', '2013-10-07 08:23:19');
INSERT INTO selfservice_login_request_methods (id, method, selfservice_login_request_id, config, created_at, updated_at) VALUES ('227aa2c4-acf3-489f-a239-7f18d4bc2828', 'password', '916ded11-aa64-4a27-b06e-96e221a509d7', '{"action":"http://127.0.0.1:4455/.ory/kratos/public/self-service/browser/flows/login/strategies/password?request=916ded11-aa64-4a27-b06e-96e221a509d7","method":"POST","fields":[{"name":"identifier","type":"text","required":true,"value":""},{"name":"password","type":"password","required":true},{"name":"csrf_token","type":"hidden","required":true,"value":"JdXCIeZGYglwUTjEC5PpKO5LFDEbeVOketqK5hdfZgFX379dVpLcRyRs+lteQJ1PxTMlyN0+btkz+5iVm4miIg=="}]}', '2013-10-07 08:23:19', '2013-10-07 08:23:19');
INSERT INTO selfservice_login_request_methods (id, method, selfservice_login_request_id, config, created_at, updated_at) VALUES ('bd498938-863f-41de-a60f-69af4220db36', 'oidc', '916ded11-aa64-4a27-b06e-96e221a509d7', '{"action":"http://127.0.0.1:4455/.ory/kratos/public/self-service/browser/flows/strategies/oidc/auth/916ded11-aa64-4a27-b06e-96e221a509d7","method":"POST","fields":[{"name":"csrf_token","type":"hidden","required":true,"value":"JdXCIeZGYglwUTjEC5PpKO5LFDEbeVOketqK5hdfZgFX379dVpLcRyRs+lteQJ1PxTMlyN0+btkz+5iVm4miIg=="}]}', '2013-10-07 08:23:19', '2013-10-07 08:23:19');
INSERT INTO selfservice_login_request_methods (id, method, selfservice_login_request_id, config, created_at, updated_at) VALUES ('9cdeaa86-1242-4c62-99b6-575d900d4c47', 'password', '99974ce6-388c-4669-a95a-7757ee724020', '{"action":"http://127.0.0.1:4455/.ory/kratos/public/self-service/browser/flows/login/strategies/password?request=99974ce6-388c-4669-a95a-7757ee724020","method":"POST","fields":[{"name":"identifier","type":"text","required":true,"value":""},{"name":"password","type":"password","required":true},{"name":"csrf_token","type":"hidden","required":true,"value":"OXDnJU8yP+iXXsf2TduzRYrDLfksjC0vRdU+nN5bdo+YeQt5xGWKbqEX/gggqE1ntM7qavC/qqzaR2B1Pk88Ew=="}]}', '2013-10-07 08:23:19', '2013-10-07 08:23:19');
INSERT INTO selfservice_login_request_methods (id, method, selfservice_login_request_id, config, created_at, updated_at) VALUES ('b370b9bf-b785-4c8a-a013-245adc8db117', 'oidc', '99974ce6-388c-4669-a95a-7757ee724020', '{"action":"http://127.0.0.1:4455/.ory/kratos/public/self-service/browser/flows/strategies/oidc/auth/99974ce6-388c-4669-a95a-7757ee724020","method":"POST","fields":[{"name":"csrf_token","type":"hidden","required":true,"value":"OXDnJU8yP+iXXsf2TduzRYrDLfksjC0vRdU+nN5bdo+YeQt5xGWKbqEX/gggqE1ntM7qavC/qqzaR2B1Pk88Ew=="}]}', '2013-10-07 08:23:19', '2013-10-07 08:23:19');
INSERT INTO selfservice_login_request_methods (id, method, selfservice_login_request_id, config, created_at, updated_at) VALUES ('df9bc6af-5b62-4f38-8bac-618937a67ff8', 'password', '6d387820-f2f4-4f9f-9980-a90d89e7811f', '{"action":"http://127.0.0.1:4455/.ory/kratos/public/self-service/browser/flows/login/strategies/password?request=6d387820-f2f4-4f9f-9980-a90d89e7811f","method":"POST","fields":[{"name":"identifier","type":"text","required":true,"value":""},{"name":"password","type":"password","required":true},{"name":"csrf_token","type":"hidden","required":true,"value":"Nrq+T0uNsSL8ztjmnbIB2V6NodqifoG+HZ4q6NSAnnWXs1ITwNoEpMqH4Rjwwf/7YIBmSX5NBj2CDHQBNJTU6Q=="}]}', '2013-10-07 08:23:19', '2013-10-07 08:23:19');
INSERT INTO selfservice_login_request_methods (id, method, selfservice_login_request_id, config, created_at, updated_at) VALUES ('9cb49264-492d-49d2-8b19-ed1b7506d5ba', 'oidc', '6d387820-f2f4-4f9f-9980-a90d89e7811f', '{"action":"http://127.0.0.1:4455/.ory/kratos/public/self-service/browser/flows/strategies/oidc/auth/6d387820-f2f4-4f9f-9980-a90d89e7811f","method":"POST","fields":[{"name":"csrf_token","type":"hidden","required":true,"value":"Nrq+T0uNsSL8ztjmnbIB2V6NodqifoG+HZ4q6NSAnnWXs1ITwNoEpMqH4Rjwwf/7YIBmSX5NBj2CDHQBNJTU6Q=="}]}', '2013-10-07 08:23:19', '2013-10-07 08:23:19');
INSERT INTO selfservice_login_request_methods (id, method, selfservice_login_request_id, config, created_at, updated_at) VALUES ('ccc3dbc3-302c-4f55-8f30-891975843ed4', 'password', '202c1981-1e25-47f0-8764-75ad506c2bec', '{"action":"http://127.0.0.1:4455/.ory/kratos/public/self-service/browser/flows/login/strategies/password?request=202c1981-1e25-47f0-8764-75ad506c2bec","method":"POST","fields":[{"name":"identifier","type":"text","required":true,"value":""},{"name":"password","type":"password","required":true},{"name":"csrf_token","type":"hidden","required":true,"value":"7esV9o+i9BJCvpBz3HXWxBPI2802lrGtt3+dBIwBZ/1M4vmqBPVBlHT3qY2xBijmLcUcXuqlNi4o7cPtbBUtYQ=="}]}', '2013-10-07 08:23:19', '2013-10-07 08:23:19');
INSERT INTO selfservice_login_request_methods (id, method, selfservice_login_request_id, config, created_at, updated_at) VALUES ('49a44013-0650-4393-bad0-d3aaa7396fd6', 'oidc', '202c1981-1e25-47f0-8764-75ad506c2bec', '{"action":"http://127.0.0.1:4455/.ory/kratos/public/self-service/browser/flows/strategies/oidc/auth/202c1981-1e25-47f0-8764-75ad506c2bec","method":"POST","fields":[{"name":"csrf_token","type":"hidden","required":true,"value":"7esV9o+i9BJCvpBz3HXWxBPI2802lrGtt3+dBIwBZ/1M4vmqBPVBlHT3qY2xBijmLcUcXuqlNi4o7cPtbBUtYQ=="}]}', '2013-10-07 08:23:19', '2013-10-07 08:23:19');
INSERT INTO selfservice_login_request_methods (id, method, selfservice_login_request_id, config, created_at, updated_at) VALUES ('6ba34380-19e5-473d-9181-e8f7def63235', 'oidc', '43c99182-bb67-47e1-b564-bb23bd8d4393', '{"action":"http://127.0.0.1:4455/.ory/kratos/public/self-service/browser/flows/strategies/oidc/auth/43c99182-bb67-47e1-b564-bb23bd8d4393","method":"POST","fields":[{"name":"csrf_token","type":"hidden","required":true,"value":"dUD3MWqAmTdyoz2xwC9g5Dpv0g1aGUqAHOOsjy+IOh0vfPDqpKSudgZNSq9dqdxft4M0DN411z+5qSCMre5lmg=="}]}', '2013-10-07 08:23:19', '2013-10-07 08:23:19');
INSERT INTO selfservice_login_request_methods (id, method, selfservice_login_request_id, config, created_at, updated_at) VALUES ('32477a6c-b6a5-482f-a218-287dc1208d8e', 'password', '43c99182-bb67-47e1-b564-bb23bd8d4393', '{"action":"http://127.0.0.1:4455/.ory/kratos/public/self-service/browser/flows/login/strategies/password?request=43c99182-bb67-47e1-b564-bb23bd8d4393","method":"POST","fields":[{"name":"identifier","type":"text","required":true,"value":"foo@ory.sh"},{"name":"password","type":"password","required":true},{"name":"csrf_token","type":"hidden","required":true,"value":"dUD3MWqAmTdyoz2xwC9g5Dpv0g1aGUqAHOOsjy+IOh0vfPDqpKSudgZNSq9dqdxft4M0DN411z+5qSCMre5lmg=="}]}', '2013-10-07 08:23:19', '2013-10-07 08:23:19');

INSERT INTO selfservice_registration_requests (id, request_url, issued_at, expires_at, active_method, csrf_token, created_at, updated_at) VALUES ('87fa3f43-5155-42b4-a1ad-174c2595fdaf', 'http://kratos:4433/self-service/browser/flows/registration', '2013-10-07 08:23:19', '2013-10-07 08:23:19', 'password', 'vYYuhWXBfXKzBC+BlnbDmXfBKsUWY6SU/v04gHF9GYzPjFP51RXDPOc57R7Dpbf+XLkbPNAkmem33Crz/avdrw==', '2013-10-07 08:23:19', '2013-10-07 08:23:19');
INSERT INTO selfservice_registration_requests (id, request_url, issued_at, expires_at, active_method, csrf_token, created_at, updated_at) VALUES ('2bf132e0-5d40-4df9-9a11-9106e5333735', 'http://kratos:4433/self-service/browser/flows/registration', '2013-10-07 08:23:19', '2013-10-07 08:23:19', '', 'eyxQ2bNdAWBqzkZpRbzPQDpbDtpdqkkz2b7awuCdg6EJJi2lA4m/Lj7zhPYQb7snESM/I5vtdE6Qn8ixbEtHgg==', '2013-10-07 08:23:19', '2013-10-07 08:23:19');
INSERT INTO selfservice_registration_requests (id, request_url, issued_at, expires_at, active_method, csrf_token, created_at, updated_at) VALUES ('05a7f09d-4ef3-41fb-958a-6ad74584b36a', 'http://kratos:4433/self-service/browser/flows/registration', '2013-10-07 08:23:19', '2013-10-07 08:23:19', '', 'R3+y/kB6m+17C3HRkAYQJ+KOIpruSQnbplm+t3JiQd7mdl6iyy0ua01CSC/9de4F3IPlCTJ6jlg5y+BeknYLQg==', '2013-10-07 08:23:19', '2013-10-07 08:23:19');
INSERT INTO selfservice_registration_requests (id, request_url, issued_at, expires_at, active_method, csrf_token, created_at, updated_at) VALUES ('22d58184-b97d-44a5-bbaf-0aa8b4000d81', 'http://kratos:4433/self-service/browser/flows/registration', '2013-10-07 08:23:19', '2013-10-07 08:23:19', '', 'vtujrgwX3K+icdz8iHW3WD4VYd+QIGCb1NqjWcF+wj4f0k/yh0BpKZQ45QLlBkl6ABimTEwT5xhLSP2wIWqIog==', '2013-10-07 08:23:19', '2013-10-07 08:23:19');

INSERT INTO selfservice_registration_request_methods (id, method, selfservice_registration_request_id, config, created_at, updated_at) VALUES ('634a863d-2f86-40f3-aa82-29ac211e2484', 'password', '87fa3f43-5155-42b4-a1ad-174c2595fdaf', '{"action":"http://127.0.0.1:4455/.ory/kratos/public/self-service/browser/flows/registration/strategies/password?request=87fa3f43-5155-42b4-a1ad-174c2595fdaf","method":"POST","fields":[{"name":"csrf_token","type":"hidden","required":true,"value":"KeEp3OT+pHSXJpZAP+C1hR3yr4eIjUBDhg9tc/F1WI1b61SgVCoaOsMbVN9qM8HiNoqefk7KfT7PLn8AfaOcrg=="},{"name":"password","type":"password","required":true,"errors":[{"message":"the password does not fulfill the password policy because: the password has been found in at least 23547453 data breaches and must no longer be used."}]},{"name":"traits.email","type":"text","value":"foo@ory.sh"}]}', '2013-10-07 08:23:19', '2013-10-07 08:23:19');
INSERT INTO selfservice_registration_request_methods (id, method, selfservice_registration_request_id, config, created_at, updated_at) VALUES ('08ce0a27-50ee-4e9a-aa75-2a842fb6825b', 'oidc', '87fa3f43-5155-42b4-a1ad-174c2595fdaf', '{"action":"http://127.0.0.1:4455/.ory/kratos/public/self-service/browser/flows/strategies/oidc/auth/87fa3f43-5155-42b4-a1ad-174c2595fdaf","method":"POST","fields":[{"name":"csrf_token","type":"hidden","required":true,"value":"vYYuhWXBfXKzBC+BlnbDmXfBKsUWY6SU/v04gHF9GYzPjFP51RXDPOc57R7Dpbf+XLkbPNAkmem33Crz/avdrw=="}]}', '2013-10-07 08:23:19', '2013-10-07 08:23:19');
INSERT INTO selfservice_registration_request_methods (id, method, selfservice_registration_request_id, config, created_at, updated_at) VALUES ('fd51365b-b954-4a2a-9367-98a37cabf86c', 'password', '2bf132e0-5d40-4df9-9a11-9106e5333735', '{"action":"http://127.0.0.1:4455/.ory/kratos/public/self-service/browser/flows/registration/strategies/password?request=2bf132e0-5d40-4df9-9a11-9106e5333735","method":"POST","fields":[{"name":"csrf_token","type":"hidden","required":true,"value":"eyxQ2bNdAWBqzkZpRbzPQDpbDtpdqkkz2b7awuCdg6EJJi2lA4m/Lj7zhPYQb7snESM/I5vtdE6Qn8ixbEtHgg=="},{"name":"password","type":"password","required":true},{"name":"traits.email","type":"email"}]}', '2013-10-07 08:23:19', '2013-10-07 08:23:19');
INSERT INTO selfservice_registration_request_methods (id, method, selfservice_registration_request_id, config, created_at, updated_at) VALUES ('c65e1f49-d458-42a8-940b-8dc956804616', 'oidc', '2bf132e0-5d40-4df9-9a11-9106e5333735', '{"action":"http://127.0.0.1:4455/.ory/kratos/public/self-service/browser/flows/strategies/oidc/auth/2bf132e0-5d40-4df9-9a11-9106e5333735","method":"POST","fields":[{"name":"csrf_token","type":"hidden","required":true,"value":"eyxQ2bNdAWBqzkZpRbzPQDpbDtpdqkkz2b7awuCdg6EJJi2lA4m/Lj7zhPYQb7snESM/I5vtdE6Qn8ixbEtHgg=="}]}', '2013-10-07 08:23:19', '2013-10-07 08:23:19');
INSERT INTO selfservice_registration_request_methods (id, method, selfservice_registration_request_id, config, created_at, updated_at) VALUES ('39f85951-6d5d-43c8-afeb-a93d041f38e4', 'password', '05a7f09d-4ef3-41fb-958a-6ad74584b36a', '{"action":"http://127.0.0.1:4455/.ory/kratos/public/self-service/browser/flows/registration/strategies/password?request=05a7f09d-4ef3-41fb-958a-6ad74584b36a","method":"POST","fields":[{"name":"csrf_token","type":"hidden","required":true,"value":"R3+y/kB6m+17C3HRkAYQJ+KOIpruSQnbplm+t3JiQd7mdl6iyy0ua01CSC/9de4F3IPlCTJ6jlg5y+BeknYLQg=="},{"name":"password","type":"password","required":true},{"name":"traits.email","type":"email"}]}', '2013-10-07 08:23:19', '2013-10-07 08:23:19');
INSERT INTO selfservice_registration_request_methods (id, method, selfservice_registration_request_id, config, created_at, updated_at) VALUES ('8555b5d4-7f0c-4353-bddb-0601bc1c7387', 'oidc', '05a7f09d-4ef3-41fb-958a-6ad74584b36a', '{"action":"http://127.0.0.1:4455/.ory/kratos/public/self-service/browser/flows/strategies/oidc/auth/05a7f09d-4ef3-41fb-958a-6ad74584b36a","method":"POST","fields":[{"name":"csrf_token","type":"hidden","required":true,"value":"R3+y/kB6m+17C3HRkAYQJ+KOIpruSQnbplm+t3JiQd7mdl6iyy0ua01CSC/9de4F3IPlCTJ6jlg5y+BeknYLQg=="}]}', '2013-10-07 08:23:19', '2013-10-07 08:23:19');
INSERT INTO selfservice_registration_request_methods (id, method, selfservice_registration_request_id, config, created_at, updated_at) VALUES ('3573b093-4ea1-4f7c-bd90-2bd44275c36f', 'password', '22d58184-b97d-44a5-bbaf-0aa8b4000d81', '{"action":"http://127.0.0.1:4455/.ory/kratos/public/self-service/browser/flows/registration/strategies/password?request=22d58184-b97d-44a5-bbaf-0aa8b4000d81","method":"POST","fields":[{"name":"csrf_token","type":"hidden","required":true,"value":"vtujrgwX3K+icdz8iHW3WD4VYd+QIGCb1NqjWcF+wj4f0k/yh0BpKZQ45QLlBkl6ABimTEwT5xhLSP2wIWqIog=="},{"name":"password","type":"password","required":true},{"name":"traits.email","type":"email"}]}', '2013-10-07 08:23:19', '2013-10-07 08:23:19');
INSERT INTO selfservice_registration_request_methods (id, method, selfservice_registration_request_id, config, created_at, updated_at) VALUES ('c8853b14-a511-4367-a530-b79a514c701b', 'oidc', '22d58184-b97d-44a5-bbaf-0aa8b4000d81', '{"action":"http://127.0.0.1:4455/.ory/kratos/public/self-service/browser/flows/strategies/oidc/auth/22d58184-b97d-44a5-bbaf-0aa8b4000d81","method":"POST","fields":[{"name":"csrf_token","type":"hidden","required":true,"value":"vtujrgwX3K+icdz8iHW3WD4VYd+QIGCb1NqjWcF+wj4f0k/yh0BpKZQ45QLlBkl6ABimTEwT5xhLSP2wIWqIog=="}]}', '2013-10-07 08:23:19', '2013-10-07 08:23:19');

INSERT INTO selfservice_settings_requests (id, request_url, issued_at, expires_at, update_successful, identity_id, created_at, updated_at, active_method) VALUES ('21c5f714-3089-49d2-b387-f244d4dd9e00', 'http://kratos:4433/self-service/browser/flows/settings', '2013-10-07 08:23:19', '2013-10-07 08:23:19', false, 'a251ebc2-880c-4f76-a8f3-38e6940eab0e', '2013-10-07 08:23:19', '2013-10-07 08:23:19', 'profile');
INSERT INTO selfservice_settings_requests (id, request_url, issued_at, expires_at, update_successful, identity_id, created_at, updated_at, active_method) VALUES ('194c5b05-0487-4a11-bcbc-f301c9ff9678', 'http://kratos:4433/self-service/browser/flows/settings', '2013-10-07 08:23:19', '2013-10-07 08:23:19', true, 'a251ebc2-880c-4f76-a8f3-38e6940eab0e', '2013-10-07 08:23:19', '2013-10-07 08:23:19', null);
INSERT INTO selfservice_settings_requests (id, request_url, issued_at, expires_at, update_successful, identity_id, created_at, updated_at, active_method) VALUES ('74fd6c53-7651-453e-90b8-2c5adbf911bb', 'http://kratos:4433/self-service/browser/flows/settings', '2013-10-07 08:23:19', '2013-10-07 08:23:19', false, '5ff66179-c240-4703-b0d8-494592cefff5', '2013-10-07 08:23:19', '2013-10-07 08:23:19', null);

INSERT INTO selfservice_settings_request_methods (id, method, selfservice_settings_request_id, config, created_at, updated_at) VALUES ('71896798-3844-4269-bdab-9a9f1f6160f3', 'profile', '21c5f714-3089-49d2-b387-f244d4dd9e00', '{"action":"http://127.0.0.1:4455/.ory/kratos/public/self-service/browser/flows/settings/strategies/profile?request=21c5f714-3089-49d2-b387-f244d4dd9e00","method":"POST","fields":[{"name":"csrf_token","type":"hidden","required":true,"value":"yDwSg0quCmc4kBl7lBqYwGh4W8awrc+TpeWiigZs3iemRCwqeDhGdrW3sIv8T7u742pN+Kryx/NrdRpEXcT9qA=="},{"name":"traits.email","type":"text","value":"foo","errors":[{"message":"validation failed"},{"message":"foo is not valid email"},{"message":"foo is not valid email"}]}]}', '2013-10-07 08:23:19', '2013-10-07 08:23:19');
INSERT INTO selfservice_settings_request_methods (id, method, selfservice_settings_request_id, config, created_at, updated_at) VALUES ('e8cfd338-5112-4311-b2ec-97ebc07fd7e9', 'password', '21c5f714-3089-49d2-b387-f244d4dd9e00', '{"action":"http://127.0.0.1:4455/.ory/kratos/public/self-service/browser/flows/settings/strategies/password?request=21c5f714-3089-49d2-b387-f244d4dd9e00","method":"POST","fields":[{"name":"password","type":"password","required":true},{"name":"csrf_token","type":"hidden","required":true,"value":"Yohg7gsfztSw5KSEt/7+Tnbfc3QBmFA7zvqPg7DuhdgM8F5HOYmCxT3DDXTfq901/c1lShvHWFsAajdN60amVw=="}]}', '2013-10-07 08:23:19', '2013-10-07 08:23:19');
INSERT INTO selfservice_settings_request_methods (id, method, selfservice_settings_request_id, config, created_at, updated_at) VALUES ('61d63a2d-ad74-433a-bcfb-2c93ae7b4d9c', 'oidc', '21c5f714-3089-49d2-b387-f244d4dd9e00', '{"action":"http://127.0.0.1:4455/.ory/kratos/public/self-service/browser/flows/strategies/oidc/settings/connections?request=21c5f714-3089-49d2-b387-f244d4dd9e00","method":"POST","fields":[{"name":"csrf_token","type":"hidden","required":true,"value":"Yohg7gsfztSw5KSEt/7+Tnbfc3QBmFA7zvqPg7DuhdgM8F5HOYmCxT3DDXTfq901/c1lShvHWFsAajdN60amVw=="}]}', '2013-10-07 08:23:19', '2013-10-07 08:23:19');
INSERT INTO selfservice_settings_request_methods (id, method, selfservice_settings_request_id, config, created_at, updated_at) VALUES ('1966b9ba-1fe2-46b9-97f9-e4f86cc8f15d', 'password', '194c5b05-0487-4a11-bcbc-f301c9ff9678', '{"action":"http://127.0.0.1:4455/.ory/kratos/public/self-service/browser/flows/settings/strategies/password?request=194c5b05-0487-4a11-bcbc-f301c9ff9678","method":"POST","fields":[{"name":"password","type":"password","required":true},{"name":"csrf_token","type":"hidden","required":true,"value":"4apNE3S+VLL1UPu8GhyLOhdnhkzLZxrwTqZ/dx5xf3eP0nO6RigYo3h3UkxySahBnHWQctE4EpCANse5Rdlc+A=="}]}', '2013-10-07 08:23:19', '2013-10-07 08:23:19');
INSERT INTO selfservice_settings_request_methods (id, method, selfservice_settings_request_id, config, created_at, updated_at) VALUES ('3095bd65-910b-4110-87fc-893e443df30c', 'oidc', '194c5b05-0487-4a11-bcbc-f301c9ff9678', '{"action":"http://127.0.0.1:4455/.ory/kratos/public/self-service/browser/flows/strategies/oidc/settings/connections?request=194c5b05-0487-4a11-bcbc-f301c9ff9678","method":"POST","fields":[{"name":"csrf_token","type":"hidden","required":true,"value":"4apNE3S+VLL1UPu8GhyLOhdnhkzLZxrwTqZ/dx5xf3eP0nO6RigYo3h3UkxySahBnHWQctE4EpCANse5Rdlc+A=="}]}', '2013-10-07 08:23:19', '2013-10-07 08:23:19');
INSERT INTO selfservice_settings_request_methods (id, method, selfservice_settings_request_id, config, created_at, updated_at) VALUES ('76da60ae-d629-48ed-92b2-5be892adbef7', 'profile', '194c5b05-0487-4a11-bcbc-f301c9ff9678', '{"action":"http://127.0.0.1:4455/.ory/kratos/public/self-service/browser/flows/settings/strategies/profile?request=194c5b05-0487-4a11-bcbc-f301c9ff9678","method":"POST","fields":[{"name":"csrf_token","type":"hidden","required":true,"value":"IoLeYNbYJdALHIKvrgK7iYyMHA8r/rhG+6mr3z0nleRM+uDJ5E5pwYY7K1/GV5jyB54KMTGhsCY1ORMRZo+2aw=="},{"name":"traits.email","type":"text","value":"foobar@ory.sh"}]}', '2013-10-07 08:23:19', '2013-10-07 08:23:19');
INSERT INTO selfservice_settings_request_methods (id, method, selfservice_settings_request_id, config, created_at, updated_at) VALUES ('5ce98190-d1e8-4034-a361-7a3e686551eb', 'profile', '74fd6c53-7651-453e-90b8-2c5adbf911bb', '{"action":"http://127.0.0.1:4455/.ory/kratos/public/self-service/browser/flows/settings/strategies/profile?request=74fd6c53-7651-453e-90b8-2c5adbf911bb","method":"POST","fields":[{"name":"csrf_token","type":"hidden","required":true,"value":"G/2FjcQNeTJHOFrPP0ytFfC/AWeUDDB4DQs6SsMRMjxBwYJWCilOczPWLdGiyhGufVPnZhAgrceoQbZJQXdtuw=="},{"name":"traits.email","type":"text","value":"baz@ory.sh"}]}', '2013-10-07 08:23:19', '2013-10-07 08:23:19');
INSERT INTO selfservice_settings_request_methods (id, method, selfservice_settings_request_id, config, created_at, updated_at) VALUES ('fb401162-9db6-4be4-b44c-01ce724dd817', 'password', '74fd6c53-7651-453e-90b8-2c5adbf911bb', '{"action":"http://127.0.0.1:4455/.ory/kratos/public/self-service/browser/flows/settings/strategies/password?request=74fd6c53-7651-453e-90b8-2c5adbf911bb","method":"POST","fields":[{"name":"password","type":"password","required":true},{"name":"csrf_token","type":"hidden","required":true,"value":"4G7nFBBjlvSMDzqi3HXROK2ijGojM/2jXmoVHQPAz7i6UuDP3kehtfjhTbxB822DIE5qa6cfYBz7IJkegaaQPw=="}]}', '2013-10-07 08:23:19', '2013-10-07 08:23:19');
INSERT INTO selfservice_settings_request_methods (id, method, selfservice_settings_request_id, config, created_at, updated_at) VALUES ('9068a486-20f2-42f1-b5b8-368aedbb7b89', 'oidc', '74fd6c53-7651-453e-90b8-2c5adbf911bb', '{"action":"http://127.0.0.1:4455/.ory/kratos/public/self-service/browser/flows/strategies/oidc/settings/connections?request=74fd6c53-7651-453e-90b8-2c5adbf911bb","method":"POST","fields":[{"name":"csrf_token","type":"hidden","required":true,"value":"4G7nFBBjlvSMDzqi3HXROK2ijGojM/2jXmoVHQPAz7i6UuDP3kehtfjhTbxB822DIE5qa6cfYBz7IJkegaaQPw=="}]}', '2013-10-07 08:23:19', '2013-10-07 08:23:19');

INSERT INTO selfservice_verification_requests (id, request_url, issued_at, expires_at, form, via, csrf_token, success, created_at, updated_at) VALUES ('a8e2b810-a561-4a9e-bbd8-37f649bc26fa', 'http://kratos:4433/self-service/browser/flows/verification/email', '2013-10-07 08:23:19', '2013-10-07 08:23:19', 'null', 'email', '8xoIMa1+UkDqTt+tIHmIEHztQkk0AWk2PJhWWYDmB6dSE+RtJinnxtwH5lNNCnYyQuCF2ugy7rWjCgiwYPJNOw==', true, '2013-10-07 08:23:19', '2013-10-07 08:23:19');
INSERT INTO selfservice_verification_requests (id, request_url, issued_at, expires_at, form, via, csrf_token, success, created_at, updated_at) VALUES ('b37d34c2-4290-4be4-9e3a-c6263ee77082', 'http://kratos:4433/self-service/browser/flows/verification/email', '2013-10-07 08:23:19', '2013-10-07 08:23:19', '{"action":"http://127.0.0.1:4455/.ory/kratos/public/self-service/browser/flows/verification/email/complete?request=b37d34c2-4290-4be4-9e3a-c6263ee77082","method":"POST","fields":[{"name":"csrf_token","type":"hidden","required":true,"value":"w+Amwv/g+QE/RaFUuc5/z7qnfFC2fxro9w9kUvoqhyBi6cqedLdMhwkMmKrUvYHthKq7w2pMnWtonTq7Gj7NvA=="},{"name":"to_verify","type":"email","required":true}]}', 'email', 'w+Amwv/g+QE/RaFUuc5/z7qnfFC2fxro9w9kUvoqhyBi6cqedLdMhwkMmKrUvYHthKq7w2pMnWtonTq7Gj7NvA==', false, '2013-10-07 08:23:19', '2013-10-07 08:23:19');
